{
  "lattice": "D4",
  "q": 4,
  "M": 2,
  "cuda_available": false,
  "mac_results": {
    "batch_sizes": [
      10,
      50
    ],
    "pytorch_times": [
      0.465043306350708,
      0.47179706891377765
    ],
    "cuda_times": [
      0.4627087116241455,
      0.47628060976664227
    ],
    "pytorch_throughput": [
      21.503373693241794,
      105.97776733779932
    ],
    "cuda_throughput": [
      21.611868868643473,
      104.98012930759018
    ],
    "speedup": [
      1.0050454955091894,
      0.9905863460302082
    ]
  },
  "accumulate_results": {
    "batch_sizes": [
      10,
      50
    ],
    "pytorch_times": [
      0.000125885009765625,
      6.365776062011719e-05
    ],
    "cuda_times": [
      5.968411763509115e-05,
      5.8492024739583336e-05
    ],
    "pytorch_throughput": [
      79437.57575757576,
      785450.1872659177
    ],
    "cuda_throughput": [
      167548.76165113182,
      854817.3913043478
    ],
    "speedup": [
      2.1091877496671105,
      1.0883152173913042
    ]
  },
  "lut_results": {
    "batch_sizes": [
      10,
      50
    ],
    "build_times": [
      0.15354267756144205,
      3.417332967122396e-06
    ],
    "lookup_times": [
      0.46870891253153485,
      0.4622656504313151
    ],
    "build_throughput": [
      6.512847215392849,
      292625.8604651163
    ],
    "lookup_throughput": [
      21.33520343359632,
      108.16291444832143
    ]
  }
}